"url","text","Bracket"
https://bsky.app/profile/paulacheshire.bsky.social/post/3lmaqg5xocc2c,"Jo, hubiera estado genial! Ojal√° un d√≠a poder tomarnos un caf√© de tranquis y charletear un poco ü´∂","1"
https://bsky.app/profile/paulacheshire.bsky.social/post/3lmaq5bftlc2c,"Perd√≥n, a√∫n estoy asimilando que AITOR ERA√ëA DICE QUE ME RESPETA Y LE GUSTAR√çA CONOCERME SOCORRO (Soy una fangirl insoportable lo siento un mont√≥n)","1"
https://bsky.app/profile/paulacheshire.bsky.social/post/3lm7xvqpplk2z,Quiero mucho a estas personas y me hizo mucha ilusi√≥n tener la oportunidad de firmar con ellas este fin de semana üíô @entrenfermeras.bsky.social @arkaitzart.bsky.social,"1"
https://bsky.app/profile/paulacheshire.bsky.social/post/3lm7ryhyhp223,"Eres un sol, de verdad! Qu√© penita no haberte visto, seguro que estaban de muerte las magdalenas :___) Much√≠simas gracias por el detalle tan grande!!üíôü´Ç","1"
https://bsky.app/profile/fandogamia.com/post/3lm4wudvb6c2u,"En cambio, hoy os deseamos un domingo muy, muy adusto.","0"
https://bsky.app/profile/paulacheshire.bsky.social/post/3lm5tgu32ns2p,"Gracias por hacer del sal√≥n de este finde algo genial, como siempre. Cada a√±o se supera m√°s üíô

ADEM√ÅS HOY ES MI CUMPLE AAAAAA","1"
https://bsky.app/profile/fandogamia.com/post/3lm3mggbuyc2k,La gran familia de la F os desea Feliz S√°bado de la Comiqueaci√≥n.,"0"
https://bsky.app/profile/paulacheshire.bsky.social/post/3llzh72v5xs2m,Y ahora me voy a planchar la oreja que estoy ‚ú®acabada‚ú® boa noite xenti√±a!,"1"
https://bsky.app/profile/paulacheshire.bsky.social/post/3llw6vq4eec2w,@wargg.bsky.social  me regal√≥ esto y no puedo estar m√°s in love,"1"
https://bsky.app/profile/paulacheshire.bsky.social/post/3llvraux3d22a,"En la √∫ltima p√°gina quise hacerle honor a @teranidas.bsky.social con su onomatopeya ‚ÄúPEMBA‚Äù ü´£

(Tengo que empezar a escanear estos diarios)","1"
https://bsky.app/profile/paulacheshire.bsky.social/post/3llvra7zsdc2a,"Pues esta es una selecci√≥n de los diarios de marzo. 

Friendly reminder de que los estoy subiendo a mi kofi de forma exclusiva para los miembros que me apoyan con 2‚Ç¨ al mes (tipo Patreon, vaya) üíô

ko-fi.com/paulacheshir...","1"
https://bsky.app/profile/paulacheshire.bsky.social/post/3llvbwwdb322a,Estuve tan liada esta semana que me olvid√© de abrir las compras para recoger en el c√≥mic Barcelona ü´† aun podr√≠a estar a tiempo pero no s√© si vale la pena.,"1"
https://bsky.app/profile/arkaitzart.bsky.social/post/3lltkyjt4tc22,"Resubo esto, por lo que sea.","0"
https://bsky.app/profile/paulacheshire.bsky.social/post/3lltdw45re22f,"S√≠. En gallego, c√≥mic se dice ""banda dese√±ada"", herencia directa del t√©rmino franc√©s üòä","1"
https://bsky.app/profile/paulacheshire.bsky.social/post/3llqh7hiof22u,"Esto era para ayer, pero como estuve ayer mal√≠sima, pues pa hoy","1"
https://bsky.app/profile/matelier.bsky.social/post/3llrp452je22i,Hay algo que la IA nunca podr√° poseer y es el cari√±o y la magia que desprenden las obras humanas. A finales de mes R y yo nos casamos y hoy he recibido este retrato nuestro junto a Abby de parte de mi amiga @lauratresoret.bsky.social la IA nunca conseguir√° que llore de emoci√≥n como lo he hecho hoy ü©∑,"0"
https://bsky.app/profile/paulacheshire.bsky.social/post/3llss5yjxo22v,A m√≠ estos alien homicidas que tanto te pueden destruir como desatascarte el v√°ter es que me encantan.,"1"
https://bsky.app/profile/paulacheshire.bsky.social/post/3llriubfd5k23,Jooo el domingo yo tambi√©n ir√© solo a las firmas y poco m√°s! Podemos ver de desayunar juntas el s√°bado? ‚ú®‚ú®‚ú®,"1"
https://bsky.app/profile/paulacheshire.bsky.social/post/3llqxq3bs2k2o,Normal que se le haya quedado esa cara!,"1"
https://bsky.app/profile/luisalisferrer.bsky.social/post/3llqtionnqs2w,"Se avis√≥ de esto. Se avis√≥ hasta la saciedad. Si se legitima la transfobia, se legitima la misoginia. Se legitima que la sociedad dicte qu√© aspecto debe tener una mujer. Se legitima el atropello de los derechos m√°s b√°sicos del ser humano.","0"
https://bsky.app/profile/lauriellemaven.bsky.social/post/3llqqnzacxs2y,"¬°Nos vemos este finde en el #comicBCN! Estaremos @ehtio.bsky.social y yo con c√≥mics, pegatinas, novelas, sue√±o y ganas de veros (todo en proporciones variables). ¬°Venirse!","0"
https://bsky.app/profile/paulacheshire.bsky.social/post/3llqtzjaldc2b,"Me voy a hacer la comida, pero antes os dejo esta vi√±eta para que le pong√°is di√°logo.

Qu√© est√° diciendo Aura que tiene a As sorprendido?","1"
https://bsky.app/profile/paulacheshire.bsky.social/post/3llqry2gtas2q,"Nos vemos este finde o qu√©?

Espero poder daros m√°s detalles de la actividad que tengo preparada para el s√°bado en el stand de la Xunta ü•∞

@fandogamia.com","1"
https://bsky.app/profile/electrocereal.bsky.social/post/3llp5mjj7sk2c,"This one I enjoyed a lot, not only because Full Metal Alchemist is one of my favest mangas of all time, but also because Olivier Mira Armstrong is a total badass. Also, @manueltorresart.bsky.social  asked for this one, and that's also a plus! 
Who's your favourite character from FMA?","0"
https://bsky.app/profile/dmacalvert.bsky.social/post/3llndwo4aek2q,I really like these covers for the current DuckTales comic by Ivan Bigarella.  Such a cool style.,"0"
https://bsky.app/profile/paulacheshire.bsky.social/post/3llnr6caxic2p,"Me levant√© con un resfriado estupid√≠simo. Casi prefiero que sea ahora que este finde, que me voy a Barna ü´†","1"
https://bsky.app/profile/nixarim.bsky.social/post/3llnmpn55ts2r,"Hoy es el d√≠a de la visibilidad trans. 

Solo quiero decir que esta cuenta es un espacio seguro para todas las personas trans, que no admito transfobia y que","0"
https://bsky.app/profile/paulacheshire.bsky.social/post/3llj7tdfmks26,Venga que este juego no se hace solo,"1"
https://bsky.app/profile/andrestrasado.bsky.social/post/3lljna65vzs2i,"Imag√≠nate c√≥mo tiene que ser tu cerebro para que se te aparezca este saco de mierda y te diga que la gallina caponata es una comunista que va a ponerle vacunas con chips trans a tus hijos y t√∫ pienses madre m√≠a, este es el tipo que deber√≠a gobernar.","0"
https://bsky.app/profile/ugosinhache.bsky.social/post/3lljamxr7ds2s,"Yo: No voy a debatir sobre esto.
Persona aleatoria: Bueno, Ugo, te equivocas. Te voy a decir que deber√≠as debatir sobre esto. Te voy a exponer mis argumentos. 

Las redes sociales son una cosa curiosa. üòÇ","0"
https://bsky.app/profile/paulacheshire.bsky.social/post/3llize6lq6c2a,Estamos en el mismo barco!,"1"
https://bsky.app/profile/paulacheshire.bsky.social/post/3llizd5ylcs2a,"El d√≠a que dibuje las alas tan bien como lo hace Mirian, ESE D√çA PODR√â DESCANSAR TRANQUILA.

Ahora voy a tener que dibujar un Castiel a tetabrisa con alas, en tu honor!!! xD","1"
https://bsky.app/profile/paulacheshire.bsky.social/post/3llgwbhdiss26,"Hoy he salido mu contenta de la psic√≥loga (me ha puesto ya visitas mensuales) y la semana que viene tengo control con la psiquiatra.

La mejor decisi√≥n de mi vida haber dicho que s√≠ a esta √∫ltima ü•π","1"
https://bsky.app/profile/mogorron.bsky.social/post/3llgsd6mhkc2o,"La parte del video de Miyazaki m√°s repetida es la de ""creo que esto es un insulto a la vida misma"", pero lo m√°s importante para mi es cuando concluye: ""la humanidad est√° perdiendo la fe en s√≠ misma"". Y de eso va todo, de hacernos creer que no somos capaces hasta que sea cierto.","0"
https://bsky.app/profile/fandogamia.com/post/3lle6fksmbc23,"üî∏PRESIDENTE PERRO SANXE, las tropel√≠as de nuestro amado y canino presidente de Gobierno. ¬°Si lo reservas antes del 3 de abril, te llegar√° firmado por @carlesponsi.bsky.social! (y con un tr√≠ptico con su programa electoral de regalo)

fandogamia.com/preorders/82...","0"
https://bsky.app/profile/paulacheshire.bsky.social/post/3lle5z3px522d,"Y A M√ç, Me estoy divirtiendo demasiado jajajaaj","1"
https://bsky.app/profile/paulacheshire.bsky.social/post/3lldvisx2ek2c,"NO SE PUEDE MEZCLAR? Viajes en el espacio-tiempo con licor caf√©... (suena peligroso, pero estoy dispuesta)","1"
https://bsky.app/profile/paulacheshire.bsky.social/post/3lldqs6saf22c,"He tardado, pero aqu√≠ estoy!!","1"
https://bsky.app/profile/paulacheshire.bsky.social/post/3lldqr4f33c2c,"En esta casa no la aguantamos, ya somos tres! XD (y si lees las respuestas a este post, a√∫n m√°s)","1"
https://bsky.app/profile/paulacheshire.bsky.social/post/3lldqosyuis2c,"He visto un cap√≠tulo especial de una chica que se va a casar y se llama Donna. No s√© si es la misma, pero ojal√°, porque me ca√≠a bien esa mujer xD","1"
https://bsky.app/profile/paulacheshire.bsky.social/post/3lldqmit4k22c,"Es muy emotiva, pero te juro que no sent√≠ nada porque estaba deseando que se marchara ya xDD","1"
https://bsky.app/profile/paulacheshire.bsky.social/post/3llchedkl7s2r,Es que no estaba yo muy segura cuando lo escrib√≠... xD,"1"
https://bsky.app/profile/paulacheshire.bsky.social/post/3lla7g2gsr22d,Por supuesto. Pero como amigos ü§≠,"1"
https://bsky.app/profile/paulacheshire.bsky.social/post/3ll5k6l2fyc22,"Totalmente. Este dolor de espalda no es nada nuevo en realidad, jajaja. Muchas gracias!","1"
https://bsky.app/profile/ugosinhache.bsky.social/post/3ll55ciqbvk2f,"Os presento mi primer sketch sobre discapacidad. 

Mil gracias a @davidpareja.com por haberme ayudado un mont√≥n a hacerlo. Me lo he pasado genial y el resultado me parece maravilloso. ‚ù§Ô∏è","0"
https://bsky.app/profile/paulacheshire.bsky.social/post/3ll37yurwcs2s,Mar√≠a me representa,"1"
https://bsky.app/profile/paulacheshire.bsky.social/post/3ll2ywx7hfk2s,"Jajajaja eres lo m√°s riqui√±√©rrimo, Iria!

Al final esto se va a volver serio üòÜ","1"
https://bsky.app/profile/paulacheshire.bsky.social/post/3lkzzog4t7k2b,Gracias por vuestras respuestas! üíô,"1"
https://bsky.app/profile/paulacheshire.bsky.social/post/3lkzuim76ns2k,"Es una FANTAS√çA FINAL?

(me disculpo ya no s√© en qu√© estaba pensando)","1"
https://bsky.app/profile/repecca.bsky.social/post/3lkwfyvb6ik2e,"Calico cat and Taiwanese majolica tiles, my first ever 4 color riso design. It's been restocked on my etsy!","0"
https://bsky.app/profile/paulacheshire.bsky.social/post/3lkxnjzzss22q,"Xenti√±a, a ver si me pod√©is ayudar. Quer√≠a dise√±ar unas casas para dibujarlas y tener escenarios con sentido para mis c√≥mics, que normalmente no me fijo en esas cosas y creo que es algo que puedo mejorar.

La cuesti√≥n: alguno conoce un programa parecido al constructor de casa de los Sims? XD","1"
https://bsky.app/profile/paulacheshire.bsky.social/post/3lkxkoi2jw22q,"Me hab√≠a olvidado de lo que era dibujar por placer, algo que quieres hacer de forma genuina, aunque sean unas tiras co√±eras del FF8 o un c√≥mic de tu OTP nueva XD

Tambi√©n proyectos antiguos como mis antiguos OCs, me trae todo muy buenos recuerdos.

Ay no s√©, estoy un poco desordenada mentalmente...","1"
https://bsky.app/profile/paulacheshire.bsky.social/post/3lkxkohzthc2q,"De aqu√≠ a unas semanas atr√°s me estoy dejando llevar por mis hiperfijaciones y dibujos imperfectos (o sea, sin preocuparme del todo del resultado cuando no son encargos de clientes, claro), y de verdad, no ve√°is c√≥mo estoy disfrutando del dibujo de nuevo.","1"
https://bsky.app/profile/paulacheshire.bsky.social/post/3lkuy36k4ic27,El calentamiento de hoy pre-curro ha sido esto,"1"
https://bsky.app/profile/paulacheshire.bsky.social/post/3lkvmaznpjs2o,"jajajaja me alegra! A m√≠ Pedro me hizo la vida con este hilo, es que es mi FF favorito X_D","1"
https://bsky.app/profile/paulacheshire.bsky.social/post/3lkv5xwl6ms24,Este es buen√≠simo JAJAJA cae seguro!,"1"
https://bsky.app/profile/paulacheshire.bsky.social/post/3lktsxnt73k2v,Este hilo me hace FELIZ üòÜ,"1"
https://bsky.app/profile/paulacheshire.bsky.social/post/3lksnzrzgmk2o,"Puede que ya lo haya dicho, pero el motivo por el que As lleva una chaqueta negra de pelo en el cuello es todo culpa de Squall (y bueno, porque √©l es de costituci√≥n peque√±ica y ese tipo de chaquetas lo hacen ver m√°s ancho y el pobrecito tiene complejo).","1"
https://bsky.app/profile/paulacheshire.bsky.social/post/3lksnqgfuuc2o,"Estaba tan putopillada que mi usuario antes era LUNATICPAW, y ese Lunatic lo saqu√© del Lunatic Pandora del videojuego, lugar donde encuentras a la bruja Adel, cuyo dise√±o me encanta a niveles insospechados.","1"
https://bsky.app/profile/paulacheshire.bsky.social/post/3lksnmercxc2o,En serio que mi obsesi√≥n era tan fuerte que hice una reinterpretaci√≥n de su logo con dos de mis OCs porque estuve incre√≠blemente obsesionada con este videojuego desde los 10 hasta los 32 que voy a cumplir dentro de unas semanas.,"1"
https://bsky.app/profile/paulacheshire.bsky.social/post/3lksneqay2c2o,Me acabo de acordar de un hilo de twitter que hizo @studiokat.bsky.social mientras lo jugaba que era canelita en rama y me hace desear el tener tiempo para dibujarlo como si fuera un c√≥mic parodia XD,"1"
https://bsky.app/profile/paulacheshire.bsky.social/post/3lksnbuh3e22o,"Os dejo un remix super remixero pero muy chulo del tema del videojuego PORQUE ES UNA HISTORIA DE AMOR QUE NO TE LA CREES AAAAAA estoy muy mo√±as.

www.youtube.com/watch?v=c9fu...","1"
https://bsky.app/profile/paulacheshire.bsky.social/post/3lksn5jvq622o,"Ay pues yo lo recomiendo con fuerza, es que me cuesta ser objetiva con este juego jajaja","1"
https://bsky.app/profile/paulacheshire.bsky.social/post/3lksmvet4j22o,"Busco desesperadamente un rinc√≥n de confort en mi d√≠a a d√≠a ahora mismo y estoy a nada, A NADA, de volver a jugar al Final Fantasy VIII, mi Final favorito, ES EL MEJOR DE AH√ç NO ME V√ÅIS A BAJAR.

BRUJAS, VIAJES EN EL TIEMPO Y ADOLESCENTES ATORMENTADOS, ¬øqu√© m√°s se puede pedir?","1"
https://bsky.app/profile/fandogamia.com/post/3lkq4pyxeak2n,"Nos vamos a hinchar a hacer avioncitos de papel. Solo espero que le deis una oportunidad a este c√≥mic tan especial, editados en USA por @madcavestudios.com, la editorial que va a publicar a @paulacheshire.bsky.social con EL DUELO / IN MOURNING este verano

bsky.app/profile/paul...","0"
https://bsky.app/profile/fandogamia.com/post/3lkq2lwgsic2n,"üî∏ENTRE ENFERMERAS (2¬™ edici√≥n), de 
@entrenfermeras.bsky.social.

V√≠as que tiran m√°s sangre de la debida, pis en la cara, goteros que podr√≠an funcionar mejor... ¬°la enfermer√≠a es una profesi√≥n tan esencial como el caf√© que se consume durante las interminables guardias!","0"
https://bsky.app/profile/deliciest.bsky.social/post/3lklkmxxp5s23,"¬°Feliz d√≠a del c√≥mic!
Soy deli y sobrevivo como puedo autoedit√°ndome mis comics. Ahora mismo estoy dibujando una comedia rom√°ntica ambientada en Asturias, hay movidas sobrenaturales, dos tontos que no saben que se gustan y cachopos. Pod√©is leerlo gratis aqu√≠
fullmoonpanic.com","0"
https://bsky.app/profile/lauriellemaven.bsky.social/post/3lkldiej6qk2b,"Hacer c√≥mics es un trabajo complejo e intensivo. Tenemos comiqueros incre√≠bles en este pa√≠s, dej√°ndose a diario los ojos y las manitas a cambio de pipas. Imaginad lo que podr√≠amos tener si se pagara una remuneraci√≥n justa, si no tuvi√©ramos esta precariedad salvaje #diadelcomic","0"
https://bsky.app/profile/paulacheshire.bsky.social/post/3lkl77g4nfs2j,Vale a partir de hoy le voy a quitar el di√°logo a este c√≥mic y lo va a escribir Rub√©n POR FAVOR @grafitoeditorial.bsky.social,"1"
https://bsky.app/profile/paulacheshire.bsky.social/post/3lkl6csl3wc2j,"Feliz #d√≠adelc√≥mic, xenti√±a. Este a√±o no pude hacer nada espec√≠fico para hoy, pero, ¬øqu√© hay m√°s espec√≠fico para el d√≠a del c√≥mic que UN TEBEO? estoy trabajando en esto, La receta de la magia, que saldr√° este a√±o de la mano de @grafitoeditorial.bsky.social  üßô‚Äç‚ôÄÔ∏è‚ú®

tengo muchas ganas de que lo le√°is!","1"
https://bsky.app/profile/paulacheshire.bsky.social/post/3lkl4jvc5os2u,"AY GRACIAS

Pues son c√≥mics sueltos que estoy haciendo de unos personajes mientras no me puedo encargar al proyecto principal, que ser√≠a la historia completa :P Tengo algunos m√°s subidos en bluesky! (el buen spam)

bsky.app/profile/paul...
bsky.app/profile/paul...
bsky.app/profile/paul...","1"
https://bsky.app/profile/paulacheshire.bsky.social/post/3lkfxq2ehfs2w,"Me estoy tomando un caf√© para intentar contrarrestar, que me toca currar ü•π","1"
https://bsky.app/profile/paulacheshire.bsky.social/post/3ljzovwhvcs2p,Una peque√±a muestra de lo que estoy subiendo a ko-fi para la gente que me apoya de forma mensual. Estoy cogi√©ndole gusto a dibujar sin l√°piz de base y volver a coger los l√°pices de color y pintarrajear un poco sin cuidado. Me hac√≠a falta conectar de nuevo con el dibujo tradicional üíô,"1"
https://bsky.app/profile/paulacheshire.bsky.social/post/3lkdjmcn73k2j,"Yo tambi√©n lo hago con los dibujos! Pero por alg√∫n motivo siento que molesto, socorro.","1"
https://bsky.app/profile/ovimaster.bsky.social/post/3lkdghievn22w,"Estoy harto, HARTO del victimismo de estos psic√≥patas.

Basta YA. Os merec√©is un VERDADERO ""despliegue sin precedentes"". Os merec√©is insultos, ataques constantes (no f√≠sicos, aunque tampoco los lamentar√≠a) y la c√°rcel.

¬°Debe haber consecuencias para vuestras acciones!","0"
https://bsky.app/profile/nixarim.bsky.social/post/3lkdghnc3vs2e,"Me complace anunciar que la venta de los vol√∫menes del 1 al 3 de Lightbringer, y la preventa del volumen 4 saldr√° ESTA NOCHE (d√≠a 14 de marzo) A LAS 20:00 (horas espa√±ola) en mi Ko- Fi

üëáüèªüëáüèª

ko-fi.com/nixarim/shop","0"
https://bsky.app/profile/paulacheshire.bsky.social/post/3lkd5snkj4c2p,"Jajaja, los dos primeros son especialmente duros, estoy de acuerdo. Por ahora est√° entrando bien!","1"
https://bsky.app/profile/paulacheshire.bsky.social/post/3lkc55k3sl22z,"Me cae bien el Doctor este, la verdad :)","1"
https://bsky.app/profile/paulacheshire.bsky.social/post/3lkazeixsu22k,I drew a little interaction between these two in my work break #oc,"1"
https://bsky.app/profile/paulacheshire.bsky.social/post/3lkbmjz4txc2m,"Hoy es de esos d√≠as rar√≠simos en los que estoy dibujando mucho y r√°pido (ahora, bien, ya no s√© xD)

THE HUSBANDS AGAIN SORRY NOT SORRY","1"
https://bsky.app/profile/paulacheshire.bsky.social/post/3lkao6bqg7s2q,"Es lo que deber√≠a hacer yo, pero siento que pierdo un mont√≥n de tiempo al d√≠a con esto, me agobio y al final acabo ‚ú®procrastinando‚ú®","1"
https://bsky.app/profile/paulacheshire.bsky.social/post/3lkanx34iyk2q,Estoy llegando a un punto de emails sin contestar insanos para mi estabilidad mental y no s√© c√≥mo gestionarlo SOCOR-,"1"
https://bsky.app/profile/paulacheshire.bsky.social/post/3lk3rqaofwk2x,Muchas gracias reina! Lo estoy pasando genial haci√©ndolo la verdad!,"1"
https://bsky.app/profile/paulacheshire.bsky.social/post/3ljzpborr5s2p,"Muchas gracias Ovi! A lo mejor me animo a sacar un fanzinillo de estas p√°ginas, cuando tenga unas cuantas. Algunas me gustan m√°s y otras menos, pero est√° siendo un experimento muy chulo y lo estoy gozando!","1"
https://bsky.app/profile/lauriellemaven.bsky.social/post/3lju5sqnvck2e,"Este #8M, recordad que los derechos no se dan por sentados: si no se luchan, se pierden #brigadafeminista2025 #8demarzo","0"
https://bsky.app/profile/entrenfermeras.bsky.social/post/3ljutmvf2oc2e,"El d√≠a n√∫mero seis es para mi querid√≠sima @paulacheshire.bsky.social que se ha currado esto basado en hechos reales ‚ú®Ô∏è Su madre era enfermera de Urgencias y le cont√≥ una historia para no dormir de una mujer que lleg√≥ con un cuchillo en el ojo üò± ¬°Y fue ella conduciendo! Bueno, de locos...","0"
https://bsky.app/profile/entrenfermeras.bsky.social/post/3ljs7tpwto22u,"D√≠a CINCO del especial, esta vez de la mano de @ziru.bsky.social ‚ú®Ô∏è √âl fue el primero que me hizo una tira y gracias a esto la bola de nieve se fue haciendo m√°s y m√°s grande ü•∞ ¬°Espero que os guste tanto como a m√≠! üß°","0"
https://bsky.app/profile/paulacheshire.bsky.social/post/3ljrqxs5nvs2z,"A dios pongo por testigo que en cuanto tenga tiempo libre (JAAJAJA) har√© un fan c√≥mic de c√≥mo me gustar√≠a que hubiese acabado la relaci√≥n de Castiel y Dean Winchester.

Y PARA M√ç SER√Å CANON PORQUE VIVIMOS EN UN PA√çS LIBRE porahoraalmenos.","1"
https://bsky.app/profile/entrenfermeras.bsky.social/post/3ljn64axfi22p,"üéÇ FELICES 5 A√ëOS A M√ç üéÇ Qui√©n me iba a decir a m√≠ que iba a llegar hasta aqu√≠, que aguantar√≠a tanto con un mismo proyecto, dibujando a los mismos personajes de manera semanal...ü§∏üèº‚Äç‚ôÄÔ∏è Os dejo esta ilustraci√≥n inspirada en 13 Rue del Percebe que empec√© all√° por el 2022, ¬°espero que os guste!","0"
https://bsky.app/profile/studiokat.bsky.social/post/3ljmpjws2nk27,"Estamos trabajando en una plataforma muy √∫til para editoriales peque√±as/autoeditores/fanzines que agrupa pedidos de c√≥mic de formatos similares, y solicita presupuestos a imprentas para que las producciones conjuntas salgan m√°s econ√≥micas. La presentaremos en @comicbcn.bsky.social üëç","0"
https://bsky.app/profile/paulacheshire.bsky.social/post/3ljkskr3knc2g,AY GRACIAS es que estoy s√∫per enamorada de Misha Collins üôàüíôüíôüíôüíôüíô,"1"
https://bsky.app/profile/entrenfermeras.bsky.social/post/3ljk2bzmdsk2z,"Esta semana hace 5 a√±os que empec√© a subir tiras a Instagram y para celebrarlo se me ocurri√≥ una ideita que ha podido ver la luz.

Para empezar el especial os dejo esta tira de @ivanper.bsky.social que se la curr√≥ en menos de 6 horas el muy crack! Espero que os guste üß°","0"
https://bsky.app/profile/paulacheshire.bsky.social/post/3ljk2nntlxk2v,"Bueno, creo que despu√©s tiene mejores temporadas y otras peores... es decir, a pesar de que estaba todo m√°s o menos encauz√°ndose, tiene algunas decisiones que a m√≠ me horrorizaron jajaja.

Creo que verla acompa√±ada para cagarse en todo ayuda. O ponerla de fondo mientras se dibuja, o algo as√≠...","1"
https://bsky.app/profile/paulacheshire.bsky.social/post/3ljk2izpdic2v,"uf no, no puedo m√°s con los Winchester. Necesito ver otras cosas XDDDDD","1"
https://bsky.app/profile/paulacheshire.bsky.social/post/3ljk2hshlvc2v,Estoy dando volteretas sin parar AAAAAA,"1"
https://bsky.app/profile/paulacheshire.bsky.social/post/3ljiq6n6ibc2v,"Y en general, la serie consigue que se le coja un cari√±o tremendo a los personajes, aunque haya temporadas de mierda y decisiones horrorosas. Es una serie disfrutona y entretenida (aunque alg√∫n relleno es insoportable).

En fin, HA ESTAO BIEN","1"
https://bsky.app/profile/paulacheshire.bsky.social/post/3ljiq3m5pq22v,Estoy obsesionada con ese momento no lo voy a superar nunca porque no quiero superarlo,"1"
https://bsky.app/profile/paulacheshire.bsky.social/post/3ljiq274pgc2v,"El √∫ltimo cap√≠tulo nos ha parecido una chufla a @wargg.bsky.social y a m√≠. Pero bueno, yo me quedo con una cosa que ES QUE YO SAB√çA QUE IBA A OCURRIR LO SAB√çA.

EL AMOR
PURO
DE
CASTIEL

Os juro que en ese momento chill√©.","1"
https://bsky.app/profile/paulacheshire.bsky.social/post/3lji4fdhre22s,Esa le gusta bastante! Es una de las que le damos üíôü´Ç,"1"
https://bsky.app/profile/paulacheshire.bsky.social/post/3ljhz6qpkf22e,"Estoy s√∫per contenta con la evoluci√≥n de Zoe, porque aunque solo quiera comida h√∫meda, ha engordado, tiene hambre y no se aburre de la comida (aunque hacemos la t√°ctica de cada dos d√≠as rotarle entre 3 marcas üòÜ).

Ah√≠ la veis tal como est√° ahora, hecha una bolita üíô","1"
https://bsky.app/profile/paulacheshire.bsky.social/post/3ljcroflehc2a,Este ch√≠o de Zoe se me ha ido de las manos pero es que sale TAN HERMOSA que lo entiendo perfectamente,"1"
https://bsky.app/profile/ovimaster.bsky.social/post/3lj5wzkhjik2d,"Me han dicho que c√≥mo puedo darle sentido a la vida, sin creer en nada. En una religi√≥n, supongo.

La vida se sustenta en muchas cosas, para m√≠ tiene sentido porque disfruto dibujando, leyendo, jugando a videojuegos, viviendo con una persona a la que quiero much√≠simo...

Y adem√°s, est√°n estos seres:","0"
https://bsky.app/profile/xandasbolas8.bsky.social/post/3lmaqtq36mk2r,"Esto es un poco flipante, la verdad, que no existiese un mapa p√∫blico de cargadores de coche","2"
https://bsky.app/profile/xandasbolas8.bsky.social/post/3lmalekuhbc22,"Para bailar esto es una bomba... (ahora ya no la quitais de la cabeza, se siente)","2"
https://bsky.app/profile/dgllana.bsky.social/post/3lm75bvphxc2e,Y aunque lo hubiera. Nadie merece ir a un sitio as√≠. Salvo qui√©n ha ideado todo ese sistema.,"0"
https://bsky.app/profile/xandasbolas8.bsky.social/post/3lmaeibkcc222,El documental este es una maravilla. Y c√≥mo se obsesiona con el tema de los wc en un pa√≠s africano y quiere resolverlo. Dan ganas de achucharlo. Luego ves el de Jobs que est√° en Showtime y piensas que sufri√≥ demasiado poco el hijo de puta,"2"
https://bsky.app/profile/xandasbolas8.bsky.social/post/3lmaedu4h5c22,"La verdad es que es mejor no pensar mucho lo que est√° pasando y ver esto como una pelea de sables entre machirulos (M√°talo, Xi Jinping). Pero la que est√° montando el payaso narcisista es terror√≠fico","2"
https://bsky.app/profile/xandasbolas8.bsky.social/post/3lmadcs3bhc22,"China va a arrasar a este impresentable. Ojal√°, tambi√©n lo digo","2"
https://bsky.app/profile/xandasbolas8.bsky.social/post/3lmacsjglu22l,"Decidme ahora que este hombre NO ES DIOS, decidme... Es el √∫nico visionario","2"
https://bsky.app/profile/marcmarginedas.bsky.social/post/3lmaamupa4s2a,"Dos frases de la entrevista de 
@irenebenedicto.bsky.social al polit√≥logo T. Iwanski:
i) ""Para ucranianos, entrar en UE es parte de la victoria, de ser un pa√≠s soberano""
ii) ""La vuelta de Trump no acerca la paz; no creo que haya tregua este a√±o; Rusia solo gana tiempo"".","0"
https://bsky.app/profile/mumermao.bsky.social/post/3lm7qvgwros2y,"""Y es por ello, se√±or√≠a, por lo que pedimos la pena de lapidaci√≥n para esta ad√∫ltera"".","0"
https://bsky.app/profile/xandasbolas8.bsky.social/post/3lma37tbiy22s,"Hoy lo comentaban en la Ser, que toda la ""clase media"" yanki estaba jurando en hebreo porque est√°n atad√≠simos a la bolsa con el tema de la jubilaci√≥n. Y ver√°s como Europa contrataque a las tecnologicas y los cruja.","2"
https://bsky.app/profile/xandasbolas8.bsky.social/post/3lm7si6glp22s,"Ya estamos en Ourense con esta mierda. Ya estamos. La temperatura m√°xima de marzo. Joder, ya estoy temblando para el verano","2"
https://bsky.app/profile/xandasbolas8.bsky.social/post/3lm7qjetz5k2s,"A m√≠ estas publis de ""pajares/esteso"" me dan un poco de verg√ºencita, la verdad","2"
https://bsky.app/profile/piolin.bsky.social/post/3lm7ca2spdk2s,Imag√≠nate haber votado a este tarado naranja porque la econom√≠a iba mal.,"0"
https://bsky.app/profile/rodriguezcoello.bsky.social/post/3lm7ckedkv22u,"Esta portada es muy buena, y lo era desde 2016 cuando fue publicada.","0"
https://bsky.app/profile/xandasbolas8.bsky.social/post/3lm7bsz6lxs2e,"Me repostean un mont√≥n un tuit llamando cosas feas a Elon Musk. Me empieza a seguir alguien con esta bio. Creo en una democracia fuerte y en el odio a los nazis para tener una democracia fuerte. Lo siento, neni√±o","2"
https://bsky.app/profile/yayo74.bsky.social/post/3lm6l22ftr224,"Hay miles de personas enviadas a El Salvador que est√°n perdidas para siempre en un pudridero del que nadie les sacar√° jam√°s, nadie sabr√° nunca m√°s de ellas. La verdad es que no me puedo quitar esto de la cabeza.","0"
https://bsky.app/profile/xandasbolas8.bsky.social/post/3lm62kwzin224,Miles de manifestantes apoyando a Le Pen. Miles de cretinos han considerado oportuno salir a manifestarse un domingo para apoyar a alguien que les ha robado en la puta cara. Es fascinante,"2"
https://bsky.app/profile/xandasbolas8.bsky.social/post/3lm5zm6l7fc24,"Una cosa cojonuda que he notado en los √∫ltimos a√±os es que en la radio, los periodistas, ya no esconden o camuflan los acentos. En la Ser tienen a locutores que acentazo andaluz y canario, ya no es aquella cosa impostada que dec√≠an ""neutro""","2"
https://bsky.app/profile/iugarte.bsky.social/post/3lm5unzcdds2n,"En los dos √∫ltimos d√≠as de la semana en Bolsa, Elon Musk ha perdido 31.000 millones de d√≥lares. Mark Zuckerberg, 17.900 millones. Jeff Bezos, 15.900 millones. Seg√∫n un c√°lculo de Bloomberg a partir de la cotizaci√≥n de sus empresas.","0"
https://bsky.app/profile/xandasbolas8.bsky.social/post/3lm5umppejk2y,"Aiaia que ya ha presentado la conciliaci√≥n previa a querella a Revilla. Que le va por v√≠a penal, ni si quiera por derecho al honor ü•≤ @soysil.bsky.social @rggamez.bsky.social @dramon.bsky.social","2"
https://bsky.app/profile/xandasbolas8.bsky.social/post/3lm5na72ips2v,"Mis hijas andan revolucionadas con los anuncios de la Switch2. Cuando hemos visto el precio hemos empezado cagarnos en t√≥ porque nos parece una estafa. La soluci√≥n la ha encontrado la peque√±a de 8 a√±os, esperar a Navidades, as√≠ la pide a Papa Noel y yo no gasto nada. Es como Trump con los aranceles","2"
https://bsky.app/profile/xandasbolas8.bsky.social/post/3lm5mekxk6c2v,Este t√≠o era de Ciudadanos y tuvo cristo tambi√©n XDDD,"2"
https://bsky.app/profile/xandasbolas8.bsky.social/post/3lm5l6jqrek2x,La culpa es de Ferreras/Florentino/Prisa/Yolanda/ElArropiero/AlfredoAmestoy/PepitaPulgarcita/ValerioLazarov,"2"
https://bsky.app/profile/xandasbolas8.bsky.social/post/3lm5acup7ks2f,"Vaya solar es la izda francesa, madre m√≠a","2"
https://bsky.app/profile/xandasbolas8.bsky.social/post/3lm57zqlimc2f,"Estoy como mi abuelo cd se tiraba al sill√≥n, despu√©s de comer, a ver documentales de leones destrozando animalitos con cuernos. ü•π","2"
https://bsky.app/profile/sujuanida.bsky.social/post/3lm55phezq22s,"Llamar partitocracia a la democracia es llorar porque no haya un caudillo, un pueblo. Disimula, petarda, que ese taxi que pasa va a pensar que quieres pararlo.","0"
https://bsky.app/profile/xandasbolas8.bsky.social/post/3lm53z2iju227,"Lo gracioso, adem√°s es que la cuota de mercado en Usa de los iphone es descomunal, al reves que el resto del mundo ü•≤","2"
https://bsky.app/profile/piolin.bsky.social/post/3lm4yt2w7g22r,"No estoy solo @mdequinto.bsky.social 

Es una pena que el Cibertruck y Martin est√©n condenados a quedarse en Miami y no poder volver","0"
https://bsky.app/profile/xandasbolas8.bsky.social/post/3lm4x6wn46c27,Angel Cristo sabe m√°s de protecci√≥n al honor que la abogada. Misdieses ah√≠,"2"
https://bsky.app/profile/xandasbolas8.bsky.social/post/3lm4umxw35227,"Estamos en manos de aut√©nticos cretinos, y todo en streaming... Es acojonante","2"
https://bsky.app/profile/afunghi.bsky.social/post/3lm4ujbuxx227,"Sigo ahora a este medio argentino es lo que afirma un periodista, el premio que iba a recibir en Espa√±a era truch√≠simo tambi√©n, sali√≥ corriendo a ver si pod√≠a ver a Trump por un pasillo, literal.
youtu.be/I7w2HLqGQzU?...","0"
https://bsky.app/profile/lununalaura.bsky.social/post/3lm4uatif522s,"Parece ser que Mar A Lago tiene salones de alquiler: unos listos alquilaron uno y se lo llevaron a Javi con la excusa de ver a Trump, pero Naranjito no estaba informado de que ten√≠a visitas. A saber qu√© le sacaron a Milei los organizadores de la supuesta entrevista.","0"
https://bsky.app/profile/xandasbolas8.bsky.social/post/3lm423vsrlk2y,"Son cojonudos, tienen un perfil en IG en donde cuelgan estas cosas www.instagram.com/ezbandoffici...","2"
https://bsky.app/profile/xandasbolas8.bsky.social/post/3lm3wgs4gz22y,"Y en USA hay cosas cojonudas, mezclas de Americana con otras influencias. Esta versi√≥n de Dylan es genial","2"
https://bsky.app/profile/xandasbolas8.bsky.social/post/3lm3w4qy57k2y,"Las versiones de temazos nunca pueden ser copias. Esas cosas espantosas de grupos tributo y dem√°s no. P ej, estos texanos hacen versiones cojonudas de temazos, pq adem√°s mezclan ingles/castellano. Para muestra un bot√≥n","2"
https://bsky.app/profile/xandasbolas8.bsky.social/post/3lm3urgqamc2y,Chi. Ariadna Gil es la mujer m√°s guapa y m√°s divertida del mundo. Aquella sonrisa me mat√≥. Y qu√© gracioso estaba Pere Ponce. Ahora no quiero volver a verla üòÇ,"2"
https://bsky.app/profile/springsteen81.bsky.social/post/3lm3rrjrmck2r,Es exactamente esto. Los votantes arrepentidos de Trump no lo son porque hayan visto el dolor que esas pol√≠ticas provocan en los dem√°s. Lo son porque resulta que ellos iban en el pack. Pues ahora que se jodan.,"0"
https://bsky.app/profile/luispastorart.bsky.social/post/3lm3sqau46k2u,Esto significa que pueden meter en un gulag a quien quieran sin juicio ni jurado,"0"
https://bsky.app/profile/xandasbolas8.bsky.social/post/3lm3qunoez22y,"Puede ser, como ""todo blanco de pasta quedabien"" pero esa era tb una cierta fortaleza. Al final Bernie, que es pura ortodoxia socialdemocrata, es demasiado radical para los est√°ndares de all√≠, as√≠ que, creo, el camino deber√≠a ser otro. Y esto tipo ten√≠a un discurso muy interesante de la inmigraci√≥n","2"
https://bsky.app/profile/xandasbolas8.bsky.social/post/3lm3qdo4cns2y,"A m√≠ me gust√≥ porque estuvo muy cerca de cargarse a Ted Cruz, hubiese sido un golpe de efecto acojonante. Y las declaraciones que siempre le escuch√© me parec√≠an atinadas, aunque es cierto que la pol√≠tica yanki la sigo muy de refil√≥n","2"
https://bsky.app/profile/xandasbolas8.bsky.social/post/3lm3pwmi3f22y,"Esa es otra. Esa es otra. Hab√≠a un tipo que me gust√≥ mucho en su d√≠a, Beto O'Rourke, que siempre cre√≠ que pod√≠a ser ""el recambio"". Creo que lo intent√≥ en las √∫ltimas primarias y se llev√≥ una buena hostia. Hay un doc en Max sobre su campa√±a a Gov que est√° muy bien","2"
https://bsky.app/profile/xandasbolas8.bsky.social/post/3lm3psgnt5s2y,"Resulta que Rip, el mejor papel de Yellowstone, es hijo en la vida real (y que palm√≥ hace unos d√≠as) del que creo es el peor actor de la historia, Wings Hauser. Una cosa es hacer serie Z, que molan, y otra era ver a este pavo actuar. Era tan malo que molaba","2"
https://bsky.app/profile/palomallaneza.com/post/3lm3pbie3t22o,"Lo que sorprend√≠a ahora era la falta de acci√≥n. El silencio. En el primer mandato de Trump hubo manifestaciones, cerraron un aeropuerto para evitar deportaciones, se mont√≥ con los ni√±os separados de sus padres, se le someti√≥ a DOS impeachments, los medios le daban ca√±a continuamente ‚Ä¶..","0"
https://bsky.app/profile/xandasbolas8.bsky.social/post/3lm3ovzk6k22y,"Ai va, no lo recordaba. Es que estoy viendo las im√°genes y, mira, ilusionan un poquito, a ver si se empieza a mover la cosa","2"
https://bsky.app/profile/palomallaneza.com/post/3lm3oqsrmz22o,"No. En el primer mandato de Trump y el d√≠a de su toma de posesi√≥n miles de personas, muchas mujeres con el famoso gorrito rosa, se manifestaron en Washington. De hecho, en la manifa hubo m√°s gente que en la ‚Äúinauguration‚Äù de Trump. Y se estuvo quejando cuatro a√±os.","0"
https://bsky.app/profile/xandasbolas8.bsky.social/post/3lm3o5g5mis2y,Compartir generaci√≥n con oligarcas y muchimillonarios tiene esta ventaja ü•≤,"2"
https://bsky.app/profile/xandasbolas8.bsky.social/post/3lm3nxblgek2y,Lo de las manifas en USA a 3 meses de tomar posesi√≥n un Presidente debe de ser una especie de record,"2"
https://bsky.app/profile/eurhostia.bsky.social/post/3lm2uj2nod22f,"No tiene sentido AIS tenga una tribuna en EL PAIS. Sus art√≠culos van reservados a los suscriptores al diario y creo que a ninguno de nosotros nos aporta nada una columnista que va coleccionando opiniones odiosas en sus textos, ni siquiera por el supuesto barniz de o√≠r opiniones diferentes.","0"
https://bsky.app/profile/xandasbolas8.bsky.social/post/3lm2ynqtxs22s,Esta basura fue el que acos√≥ a Pablo Iglesias e Irene Montero,"2"
https://bsky.app/profile/xandasbolas8.bsky.social/post/3lm2vss5i7s2s,"S√© que el lenguaje jur√≠dico es √°rido muchas veces. Ojal√° hubiese una manera mejor de definir ""financiaci√≥n irregular de partidos pol√≠ticos"" para entender que es delito financiar irregularmente partidos pol√≠ticos y que cometen los miembros de los partidos pol√≠ticos.","2"
https://bsky.app/profile/claunchin.bsky.social/post/3lm2oauongk2t,"Trabaje 4 a√±os ahi, cuando todav√≠a era solo subnormal y no un subnormal maligno. Segun me cuentan los amigos que aun estan ahi esta totalmente ""red pilled"" aunque de verdad, de verdad, se considera de centro moderado","0"
https://bsky.app/profile/lapiur.bsky.social/post/3lm2fyxknss2p,Con ese pantal√≥n a lo Cachuli yo creo que ya lo podemos llamar Trump Pantojo.,"0"
https://bsky.app/profile/oletros.xyz/post/3lm2ewdof5s2e,"No parece tan sencillo esta vez
appleinsider.com/articles/25/...","0"
https://bsky.app/profile/xandasbolas8.bsky.social/post/3lm2bxgc3vs2t,"""Trump asegura que China ""se ha equivocado"" al imponer aranceles adicionales a todos los productos de Estados Unidos y les critica haber ""entrado en p√°nico""""","2"
https://bsky.app/profile/xandasbolas8.bsky.social/post/3lm2avdllzk2t,Esto lo arregla Tromp sacando otra mongolocoin,"2"
https://bsky.app/profile/pvallin.bsky.social/post/3llza6fslsk2w,O quieren esclavizar a los trabajadores estadounidenses o multiplicar por diez los precios de la ropa. O las dos cosas. (SPOILER: Las dos cosas),"0"
https://bsky.app/profile/xandasbolas8.bsky.social/post/3lm266mzuhs2i,Un s√°bado a las 7 despierto. Si no soy lo m√°s subnormal de esta red social por lo menos dadme paguita o algo,"2"
https://bsky.app/profile/xandasbolas8.bsky.social/post/3llzjnqwvbk2y,"Neno, que cerquita estaba el Palmar de Troya. Que Pitita Ridruejo se dedic√≥ toda su vida a vendernos ""apariciones"".  tenemos a la estafadora de El Escorial. Pero es que ahora hay gente terraplanista. Y antivacunas. No es la √©poca. Es que el mundo es mongolo","2"
https://bsky.app/profile/xandasbolas8.bsky.social/post/3llziey3t622y,"No. No voy a aplaudir a Carlos Jesus. Nos echamos unas risas en su √©poca pero no dej√≥ de ser un tipo que estaf√≥ a miles de personas con su supuesta videncia. Que el tipo ten√≠a una consulta de ""sanaci√≥n"". No","2"
https://bsky.app/profile/sotosinmas.bsky.social/post/3llyzamh5hs2b,"A toda esta gente les ha decepcionado Trump porque les ha tocado el bolsillo y eso ya les afecta en lo personal. Cuando la movida iba solo de perseguir a las mujeres, a las minor√≠as raciales, a las personas LGTB, a los pobres y personas vulnerables, estaban a tope con √©l.","0"
https://bsky.app/profile/electrolatino8.bsky.social/post/3llz46bvh7k2d,"No me extra√±a que quieran quitar ""barrio sesamo"" es la √∫nica manera de que esta pe√±a pueda entender nada.","0"
https://bsky.app/profile/xandasbolas8.bsky.social/post/3llzcq7mx6c2y,Los pol√≠ticos profesionales arruinan a los pa√≠ses. Necesitamos una CEOcracia para alcanzar el bienestar com√∫n. Hay que gestionar como una empresa.,"2"
https://bsky.app/profile/pelaez.bsky.social/post/3llzaxorrhc2f,"Todo cristo ""centrista"" con el que he comentado estos d√≠as el tema de los aranceles dice que es ""un punto de partida para negociar"".
25 a√±os de experiencia negociando me avalan para decir que la negociaci√≥n es 5% habilidad y 95% posici√≥n.
La pe√±a ha visto demasiados programas de ""Empe√±os a lo","0"
https://bsky.app/profile/xandasbolas8.bsky.social/post/3llzc4opcek2y,A este chiquillo hay que hacerle caso SIEMPRE. Os lo dice un se√±or mayor,"2"
https://bsky.app/profile/ciudacain.bsky.social/post/3llysxjpnis2t,"A m√≠ ya solo me interesa que no fracasemos como proyecto pol√≠tico en la UE, lo que hagan estos es que me la sopla. Solo me interesan las medidas que tomemos para aislarlos pol√≠tica y econ√≥micamente y que cuando vuelvan a tirarse por un barranco, si no se matan del todo de esta, lo hagan ellos solos.","0"
https://bsky.app/profile/xandasbolas8.bsky.social/post/3llz7nvmhnc2f,"Yo no puedo ver estas cosas, te juro que lo paso mal. Gestiono fatal al verg√ºenza ajena. Por dentro voy gritando: no, nooo, NOOOO ME LO PUEDO CREER. ES SUBNORMALISIMO","2"
https://bsky.app/profile/xandasbolas8.bsky.social/post/3llz2zfy5ss2n,"Yo es que tengo gmail y todo en drive, ah√≠ estoy algo pillado. Con microsoft no me importa porque Bill Gates le mea en la cara a estos payasos, aunque ahora no pinte mucho, pero a favor siempre","2"
https://bsky.app/profile/raquelmarcos.bsky.social/post/3llymbsyd422c,Ha encarnado perfectamente el esp√≠ritu idiota de la derecha contempor√°nea al decir que estaba muy de acuerdo con la lucha contra la dictadura woke pero no se esperaba aranceles y ahora est√° decepcionado.,"0"
https://bsky.app/profile/xandasbolas8.bsky.social/post/3llylju6fac26,Le geopol√≠tica es esto,"2"
https://bsky.app/profile/xandasbolas8.bsky.social/post/3llyirf2ro226,"Cop√≥n, ya era hora, RosaOlorosa, estaba siendo discriminado. Ser√° por mis gustos mods. Putos rockers","2"
https://bsky.app/profile/marshallaw.bsky.social/post/3llyeh25bp22s,Uno ha escrito en la raz√≥n que qu√© suerte tiene el perrochanche con lo de Trump. Estaba llorando el pobre üòÇüòÇüòÇ,"0"
https://bsky.app/profile/xandasbolas8.bsky.social/post/3llycod5c4s2e,"A ver, como pueden estar en contra de meterse un chip que es m√°s inteligente que los conspiranoicos? es que ni esa pillan, si les hace un favor!!","2"
https://bsky.app/profile/xandasbolas8.bsky.social/post/3llyc6sedy22e,"Parece que a mediados de abril ya va a estar disponible A  Complete Unknown en Disney+, as√≠ que no descarto verla cada domingo. Si mi mujer va a misa para rezar a su dios, yo le voy a rezar al m√≠o, nos ha jodido","2"
https://bsky.app/profile/xandasbolas8.bsky.social/post/3llybz6y6gk2e,"Es que tengo unas ganas de pillar mi primer perfil que sigue abierto, aunque inactivo desde hace 5 a√±os, donde toda esta pe√±a me segu√≠a, para empezar a insultarles educadamente de hijos de puta para arriba. Educadamente üòÇ","2"
https://bsky.app/profile/xandasbolas8.bsky.social/post/3llybvaluhk2e,"Tengo una curiosidad, que no voy a saciar, por conocer que estar√°n diciendo en Shitter los fascistas incels espa√±abolos del tema aranceles y el perjuicio a Europa. Ya no hablo de Abascal y dem√°s purria porque el riego no les llega, pero incels, catedros, buscapagas, y todo el espectro ""centrista""...","2"
https://bsky.app/profile/xandasbolas8.bsky.social/post/3llybgjbavs2e,"Pero a amazon creo que lo puedes ""sustituir"", google est√° m√°s unido a android, la nube, tema empresarial... etc. Que s√© que es imposible, pero me gusta proyectar movidas ideales XDDD","2"
https://bsky.app/profile/kikelt.bsky.social/post/3llwqk7gkat2l,"Macron pide a las empresas europeas paralizar inversiones en USA

www.politico.eu/article/macr...","0"
https://bsky.app/profile/xandasbolas8.bsky.social/post/3lly2vfknc22g,"Cerrar acceso a financiacion, crujir a impuestos a las tecnologicas, y ponerle una autovia gigante a todo producto asi√°tico","2"
https://bsky.app/profile/xandasbolas8.bsky.social/post/3lly2fyk3ok2g,"Una cosa interesante que coment√≥ Victor Lapuente en la Ser y que a√±ade infamia a la locura de Trump es que, al utilizar la balanza comercial para fijar aranceles, machaca a los paises pobres como Vietnam que, por l√≥gica, exportan mucho m√°s que importan. Es un soci√≥pata","2"
https://bsky.app/profile/xandasbolas8.bsky.social/post/3llxyubr7ms2e,"No he visto ninguna de las dos, la The Apprentice creo que est√° en filmin pero todav√≠a no est√° en abierto. En realidad en el Doc Trump es accesorio, aunque explica mucho. Roy Cohn es lo m√°s detestable que he visto en mi vida. Por el Doc supe que fue quien mont√≥ la pantomima de los Rosenberg","2"
https://bsky.app/profile/xandasbolas8.bsky.social/post/3llxydwvuck2e,Vuelvo a recomendar este Doc que est√° en Max. Explica por que Trump es y act√∫a as√≠. Una cosa bastante irritante es el elevar a la categor√≠a de brillante y gran estratega a lo que es √∫nicamente un absoluta falta de √©tica y valores. Ser un maldito hijo de puta arribista soci√≥pata no es ser un genio,"2"
https://bsky.app/profile/xandasbolas8.bsky.social/post/3llxx5s3fe22g,Lo √∫nico que puede mejorar esto es ampliar la demanda contra el enano pelirrojo por cooperador y enano.,"2"
https://bsky.app/profile/econocabreado.bsky.social/post/3llwjtyld2s2d,"Si produces en China, importas a EEUU donde etiquetas o ensamblas y luego exportas a otros lados del planeta, entre los aranceles a China (20% + 34%) m√°s lo que van a poner el resto de pa√≠ses a EEUU, pues las Nike valdr√°n el doble...","0"
https://bsky.app/profile/pelaez.bsky.social/post/3llvfkcquzc2a,"Que cabr√≥n el Trump. 
Ha dise√±ado la tabla esa de aranceles de forma que es totalmente imposible reducirla al absurdo para mofarse de √©l.
Jugada maestra.","0"
https://bsky.app/profile/xandasbolas8.bsky.social/post/3llwbo42dy22h,"Pues le pasas esta entrevista que es una de las cosas m√°s emotivas y claras que vamos a escuchar jam√°s sobre el tema. Vaya llorera me ech√©, pero dos veces me la puse","2"
https://bsky.app/profile/xandasbolas8.bsky.social/post/3llwbhejcvk2h,"Y porque se ha instalado la puta idea de que la gente que quiere morir es porque le ""falta amor, incentivos, cuidados..."" y toda esa puta mierda cuando lo √∫nico que quieren es dejar de sufrir, y no es incompatible con querer vivir, pero en condiciones","2"
https://bsky.app/profile/xandasbolas8.bsky.social/post/3llwb6e5cys2h,"Ayer echaban en un canal La Habitaci√≥n del Hijo. Es una obra maestra, dur√≠sima, pero una obra maestra. Cuesta m√°s revisarla","2"
https://bsky.app/profile/xandasbolas8.bsky.social/post/3llwazabcfs2h,"Ains, que acabo de leer que Nanni Moretti est√° ingresado por un infarto. Joder, es un gigante. Este a√±o me volv√≠ a ver dos veces Caro Diario. Es maravillosa. Con esta escena por el suelo","2"
https://bsky.app/profile/xandasbolas8.bsky.social/post/3llwalozqmk2h,"Se ha perdido este se√±or. Por favor, si lo veis deambulando por la calle no os acerqu√©is, te puede calzar una hostia y es inimputable. Llamad a Bieito Rubido o a Anson, son sus tutores legales","2"
https://bsky.app/profile/xandasbolas8.bsky.social/post/3llwag3j7gc2h,"Conste que ten√≠a bastante machacado el Manual de Legislaci√≥n Electoral de Arnaldo, que no est√° nada mal. Pero vamos, el pavo es para estar inhabilitado","2"
https://bsky.app/profile/paulaaa.bsky.social/post/3llw4aycnnc2j,La disonancia cognitiva de los MAGA cuando empiecen a dispararse los precios pero sigan oyendo estas cosas va a ser de camisa de fuerza,"0"
https://bsky.app/profile/4freedoms.es/post/3llvuz73wyc2i,"Yeah, I see how clapping when the Gestapo jails your students might not have been a brilliant marketing strategy.","0"
https://bsky.app/profile/xandasbolas8.bsky.social/post/3llw45qqums2r,"Espejel y Arnaldo, dos de los juristas m√°s impresentables e indecentes de este pa√≠s. Qu√© Arnaldo sal√≠a en las conversas de la Lezo y el caso Palma Arena, nenos. Menudo ladr√≥n","2"
https://bsky.app/profile/electrolatino8.bsky.social/post/3llvvyt5b2s2y,"Yo o√≠ al de freixenet comentar que no ser√≠a tan malo c√≥mo para franceses e italianos, que eran los que m√°s venden y los m√°s caros. Que eso nos podr√≠a favorecer.
Ahora, qu√© el listo de turno va a aprovechar para especular, ni cotiza.","0"
https://bsky.app/profile/xandasbolas8.bsky.social/post/3llvjrzjea22p,Por qu√© no conoc√≠a yo a esta mujer? üò¢ Se hizo viral hace una d√©cada.,"2"
https://bsky.app/profile/oletros.xyz/post/3llvjny7suc2f,Acabo de entrar en los comentarios del v√≠deo de Lacalle d√≥nde dice que la UE aplica aranceles del 110% a sus propias empresas y entre todos ellos no hacen un cerebro funcional,"0"
https://bsky.app/profile/tortondo.bsky.social/post/3lluhx4xcnc26,Demostrar que eres un estadounidense idiota seguidor de Trump ahora es un 34% m√°s caro.,"0"
https://bsky.app/profile/xandasbolas8.bsky.social/post/3llvicgoems2i,Block mutuo con este fulano XDDD,"2"
https://bsky.app/profile/jjgalvezep.bsky.social/post/3llvhpjcces2k,"Un ‚Äòemail‚Äô revela c√≥mo los narcos maniobraron para evitar que los vincularan con 13.000 kilos de droga incautados en Algeciras, que conducen hasta el supuesto capo Ignacio Tor√°n y el jefe policial detenido con millones de euros emparedados en su casa elpais.com/espana/2025-...","0"
https://bsky.app/profile/xandasbolas8.bsky.social/post/3llvhafuaf22i,"Bueno, yo desde hace a√±os, gracias a esta pe√±a, lo primero que hago al comprar sand√≠a es mirar la procedencia. Si es El Ejido y toda la zona ah√≠ se queda. Casi siempre Marruecos pillo","2"
https://bsky.app/profile/xandasbolas8.bsky.social/post/3llvgzgkid22i,"Nos han vendido tantas motos que a mis a√±os mi prejuicio es el contrario. Antes pensaba que toda esta pe√±a era competente, ahora mi premisa es que son imb√©ciles hasta que me demuestren lo contrario XDDD","2"
https://bsky.app/profile/xandasbolas8.bsky.social/post/3llvgwngllc2i,"Vamos a tirar de un concepto muy liberal como es ""la destrucci√≥n creativa"" de chumpeter. Yo quiero verle partes positivas al delirio que estamos viviendo. Una de ellas es ver a este en una zona rural espa√±ola y que lo tiren al puto pil√≥n. Otra es la uni√≥n de la UE frente a toda la escoria","2"
https://bsky.app/profile/xandasbolas8.bsky.social/post/3llvgipv3ds2i,"John M√ºller no falla. ""Proceso de reorganizaci√≥n"". Esto no es autarqu√≠a, ni ataque al libre comercio. No. Eso es el comunismo de Sanchez. Lo de Trump es reorganizaci√≥n. El memo de Osorno nunca desaprovecha la oportunidad de demostrarnos lo tonto que es","2"
https://bsky.app/profile/xandasbolas8.bsky.social/post/3llvgbhhej22i,"Entrevistaron al idiota que utiliz√≥ Trump ayer para visualizar a los trabajadores que ""va a salvar con los aranceles"". Le preguntaron ""no crees qu√© esto har√° que suban mucho los precios de los productos que vais a vender?"" y solo dec√≠a ""conf√≠o en Trump, conf√≠o en Trump"". Es una cosa...","2"
https://bsky.app/profile/xandasbolas8.bsky.social/post/3llvfulzyjc2i,"jajaja, ehhh, que yo los tengo en un pedestal. Y escudri√±o mil veces antes la opini√≥n de un politologo o sociologo que de un memo que me viene a hablar de la escuela austr√≠aca","2"
https://bsky.app/profile/goio.satan.social/post/3llvffwkbq22c,Que alguien se vea esto y aclare por donde va este otro gusano xD,"0"
https://bsky.app/profile/xandasbolas8.bsky.social/post/3llvfmmfrw22i,"Ojo, que el lado de mi gremio, ""los derecho"", especialmente del derecho privado, nos llevamos la palma en soberbia y estupidez respecto a esas ciencias. Y si se juntan los ""economistas y juristas"" de centro tenemos el ep√≠tome de cretinos m√°s inaguantable desde la m√∫sica de Mecano","2"
https://bsky.app/profile/xandasbolas8.bsky.social/post/3llvfmmfl3c2i,"Lo m√°s gracioso de esto es que ""los economistas"" y su gremio, siempre trataron con un displicencia pat√©tica a otras disciplinas que consideran menores como ""CC Pol√≠ticas o Sociolog√≠a"". Gente que ha demostrado mucha m√°s inteligencia y sensatez en el an√°lisis de la realidad. Es curioso","2"
https://bsky.app/profile/palomallaneza.com/post/3llvev3dt5k24,Mart√≠n Varsavsky manteniendo en la tele que el desenfreno comercial de Trump lo que pretende es acabar con el consumismo excesivo estadounidense y redirigir los dineros de los usianos a ir a cenar a un restaurante t√≠picamente americano.,"0"
https://bsky.app/profile/lupenaki.bsky.social/post/3llvdzszwz22a,Parec√≠a un cuento de Navidad -periodistas pag√°ndole el tratamiento de un c√°ncer a un compi- pero acab√≥ en estafa y desvelando (hoy) las singularidades contables de una empresa. Ah√≠ va el medio kilo de facturas creativas de COPE a Willy. Con @guyb.bsky.social  www.elconfidencial.com/espana/2025-...,"0"
https://bsky.app/profile/jacobodopico.bsky.social/post/3llvcffvv3c22,"Ante un fen√≥meno social como este, un economista puede, p. ej.:
1. Actuar como cient√≠fico social y analizar las condiciones socioecon√≥micas que est√°n en su origen.
2. Actuar como cham√°n y achacarlo a supuestos defectos morales de la mayor√≠a (su car√°cter apocado, sus supuestas ganas de ""paguita"").","0"
https://bsky.app/profile/xandasbolas8.bsky.social/post/3llvdsdk7qs2i,"Bueno, yo soy esc√©ptico. Esto afectar√° al votante directamente afectado, p ej, el sector agr√≠cola. Pero toda la chavalada y voto de ciudad ya siguen a Abascal que la culpa es lo woke y Sanchez y que hay que hacer como Trump e ir a protegerse","2"
https://bsky.app/profile/dgllana.bsky.social/post/3llv7rnfhes2u,Buen d√≠a para recordar esta cima del bochorno.,"0"
https://bsky.app/profile/hora25ser.bsky.social/post/3llrre6v5a224,"üó£Ô∏è @estherpalomera.bsky.social: ""El deshonor, la falta de respeto, el oprobio y todo lo que la sociedad espa√±ola ha sumado contra Juan Carlos I se lo gan√≥ a pulso con aquel ejercicio de obscenidad con el que utiliz√≥ la jefatura del Estado para enriquecerse""

üëâ www.youtube.com/watch?v=66lV...","0"
https://bsky.app/profile/guyb.bsky.social/post/3llufssypp22u,La liberal√≠sima tampoco parece estar a estas cuestiones.,"0"
https://bsky.app/profile/xandasbolas8.bsky.social/post/3llufqvtewk2f,"S√≠, s√≠, ese video es buen√≠simo","2"
https://bsky.app/profile/xandasbolas8.bsky.social/post/3llub2e3tm223,Est√° Lola Herrera en el 24H y lo de esta mujer no es normal. Que naci√≥ en el 35 y est√° increible. Flipo,"2"
https://bsky.app/profile/ehsiug.bsky.social/post/3lluatkjbts23,"Un d√≠a los de la gorrita del MAGA descubrir√°n que ese 20% se les cobra a ellos, no a los exportadores de la UE. Lo que nos vamos a re√≠r si vivimos para hacerlo.","0"
https://bsky.app/profile/xandasbolas8.bsky.social/post/3lluauzvldc23,"Trump va a conseguir unir a China, Corea del Sur, Jap√≥n... A todo el jodido sudeste asi√°tico para apretar a USA. Europa salvo 4 gatos igual. Latam deber√≠a ponerse la pilas. Y USA, un pa√≠s sin puto colch√≥n social que amortig√ºe golpes inmediatos... Es inaudito","2"
https://bsky.app/profile/xandasbolas8.bsky.social/post/3llu7xiuhj223,"A un tipo currito del autom√≥vil, con su ropa de curre. Que en 9 meses les va a ir de la hostia. Una cosa loqu√≠sima","2"
